{
  "model_id": "mlx-community/Qwen3.5-9B-MLX-4bit",
  "calibration_date": "2026-05-07",
  "n_samples_per_payload": 3,
  "personas": [
    "aggressive_late",
    "anxious_new_driver",
    "calm_commuter"
  ],
  "baselines": {
    "aggressive_late": {
      "V": {
        "mean": -0.0542955240956578,
        "std": 0.03323171075120132,
        "n": 3
      },
      "A": {
        "mean": -0.04287477115187067,
        "std": 0.10755401682486147,
        "n": 3
      },
      "D": {
        "mean": -0.21771562552709936,
        "std": 0.08098840875416147,
        "n": 3
      }
    },
    "anxious_new_driver": {
      "V": {
        "mean": -0.21352246178619785,
        "std": 0.0987870442454455,
        "n": 3
      },
      "A": {
        "mean": 0.18076616257936476,
        "std": 0.07699984817742447,
        "n": 3
      },
      "D": {
        "mean": -0.3675883469335856,
        "std": 0.040444161774072326,
        "n": 3
      }
    },
    "calm_commuter": {
      "V": {
        "mean": 0.20499733981523546,
        "std": 0.03363429492295721,
        "n": 3
      },
      "A": {
        "mean": -0.34625015616666205,
        "std": 0.02951616543692459,
        "n": 3
      },
      "D": {
        "mean": -0.2519512398843912,
        "std": 0.03669405121011652,
        "n": 3
      }
    }
  },
  "responses": {
    "cut_off": {
      "aggressive_late": {
        "V": {
          "delta_mean": -0.19256631299330662,
          "raw_mean": -0.24686183708896442,
          "std": 0.06117752853551181,
          "n": 9
        },
        "A": {
          "delta_mean": 0.27480795900583826,
          "raw_mean": 0.2319331878539676,
          "std": 0.046893751295548375,
          "n": 9
        },
        "D": {
          "delta_mean": -0.04931783301985357,
          "raw_mean": -0.26703345854695293,
          "std": 0.072364877659735,
          "n": 9
        }
      },
      "anxious_new_driver": {
        "V": {
          "delta_mean": 0.07587901577189526,
          "raw_mean": -0.1376434460143026,
          "std": 0.1062967814014972,
          "n": 9
        },
        "A": {
          "delta_mean": -0.11619810304958089,
          "raw_mean": 0.06456805952978387,
          "std": 0.0999233145145688,
          "n": 9
        },
        "D": {
          "delta_mean": -0.002246807738307821,
          "raw_mean": -0.36983515467189343,
          "std": 0.07016663664695068,
          "n": 9
        }
      },
      "calm_commuter": {
        "V": {
          "delta_mean": 0.061014363679099265,
          "raw_mean": 0.26601170349433473,
          "std": 0.07288798470681458,
          "n": 9
        },
        "A": {
          "delta_mean": 0.005011971017417072,
          "raw_mean": -0.341238185149245,
          "std": 0.07224779182933828,
          "n": 9
        },
        "D": {
          "delta_mean": 0.031050758861608296,
          "raw_mean": -0.22090048102278292,
          "std": 0.05587234807807064,
          "n": 9
        }
      }
    },
    "near_miss": {
      "aggressive_late": {
        "V": {
          "delta_mean": -0.18329555048322818,
          "raw_mean": -0.23759107457888598,
          "std": 0.06618448364899499,
          "n": 6
        },
        "A": {
          "delta_mean": 0.2333070063553536,
          "raw_mean": 0.19043223520348293,
          "std": 0.09689091960747147,
          "n": 6
        },
        "D": {
          "delta_mean": -0.06806514349831658,
          "raw_mean": -0.28578076902541594,
          "std": 0.06377010311910757,
          "n": 6
        }
      },
      "anxious_new_driver": {
        "V": {
          "delta_mean": 0.031211685764764407,
          "raw_mean": -0.18231077602143345,
          "std": 0.04626214007052317,
          "n": 6
        },
        "A": {
          "delta_mean": -0.042968673211288555,
          "raw_mean": 0.1377974893680762,
          "std": 0.07115455378564538,
          "n": 6
        },
        "D": {
          "delta_mean": -0.04263207889377951,
          "raw_mean": -0.4102204258273651,
          "std": 0.07640879260975529,
          "n": 6
        }
      },
      "calm_commuter": {
        "V": {
          "delta_mean": -0.11000299579839753,
          "raw_mean": 0.09499434401683793,
          "std": 0.042418971507639215,
          "n": 6
        },
        "A": {
          "delta_mean": 0.17997904706412363,
          "raw_mean": -0.16627110910253842,
          "std": 0.07145796984660639,
          "n": 6
        },
        "D": {
          "delta_mean": -0.03374159456551029,
          "raw_mean": -0.2856928344499015,
          "std": 0.04788807501800874,
          "n": 6
        }
      }
    },
    "merge_opportunity": {
      "aggressive_late": {
        "V": {
          "delta_mean": -0.10989379400007487,
          "raw_mean": -0.16418931809573267,
          "std": 0.09341443142899775,
          "n": 6
        },
        "A": {
          "delta_mean": 0.1769373906122594,
          "raw_mean": 0.13406261946038875,
          "std": 0.08737901885849532,
          "n": 6
        },
        "D": {
          "delta_mean": -0.04269555430169772,
          "raw_mean": -0.2604111798287971,
          "std": 0.05674155483404241,
          "n": 6
        }
      },
      "anxious_new_driver": {
        "V": {
          "delta_mean": 0.07285892418939433,
          "raw_mean": -0.14066353759680353,
          "std": 0.09740386172246449,
          "n": 6
        },
        "A": {
          "delta_mean": -0.11680275301720491,
          "raw_mean": 0.06396340956215985,
          "std": 0.09596224745044357,
          "n": 6
        },
        "D": {
          "delta_mean": 0.003304862365618444,
          "raw_mean": -0.36428348456796716,
          "std": 0.034569344619447426,
          "n": 6
        }
      },
      "calm_commuter": {
        "V": {
          "delta_mean": 0.03689870166860254,
          "raw_mean": 0.241896041483838,
          "std": 0.056632865075439645,
          "n": 6
        },
        "A": {
          "delta_mean": 0.051753863307341,
          "raw_mean": -0.29449629285932105,
          "std": 0.041277590642370895,
          "n": 6
        },
        "D": {
          "delta_mean": 0.03647115362369763,
          "raw_mean": -0.2154800862606936,
          "std": 0.017990156760315217,
          "n": 6
        }
      }
    },
    "traffic_congestion": {
      "aggressive_late": {
        "V": {
          "delta_mean": -0.19057878400980963,
          "raw_mean": -0.24487430810546743,
          "std": 0.1086050693350123,
          "n": 6
        },
        "A": {
          "delta_mean": 0.19358664439149262,
          "raw_mean": 0.15071187323962196,
          "std": 0.1538727309276739,
          "n": 6
        },
        "D": {
          "delta_mean": -0.09032665727373504,
          "raw_mean": -0.3080422828008344,
          "std": 0.15579623404648152,
          "n": 6
        }
      },
      "anxious_new_driver": {
        "V": {
          "delta_mean": 0.1339346237979083,
          "raw_mean": -0.07958783798828956,
          "std": 0.050219911798637926,
          "n": 6
        },
        "A": {
          "delta_mean": -0.1594310854594338,
          "raw_mean": 0.021335077119930965,
          "std": 0.043376964273249705,
          "n": 6
        },
        "D": {
          "delta_mean": 0.015863110139809344,
          "raw_mean": -0.35172523679377626,
          "std": 0.037400375507656965,
          "n": 6
        }
      },
      "calm_commuter": {
        "V": {
          "delta_mean": 0.051356621555459364,
          "raw_mean": 0.2563539613706948,
          "std": 0.07476638851856632,
          "n": 6
        },
        "A": {
          "delta_mean": 0.018565210567897505,
          "raw_mean": -0.32768494559876454,
          "std": 0.05734169912813199,
          "n": 6
        },
        "D": {
          "delta_mean": 0.020867453919883344,
          "raw_mean": -0.23108378596450788,
          "std": 0.044940103337237275,
          "n": 6
        }
      }
    },