{
  "model_id": "mlx-community/Qwen3.5-9B-MLX-4bit",
  "calibration_date": "2026-05-07",
  "n_samples_per_payload": 3,
  "personas": [
    "aggressive_late",
    "anxious_new_driver",
    "calm_commuter"
  ],
  "baselines": {
    "aggressive_late": {
      "V": {
        "mean": -0.12700100122923222,
        "std": 0.06860782254304787,
        "n": 3
      },
      "A": {
        "mean": 0.015111013173561639,
        "std": 0.04748241240201326,
        "n": 3
      },
      "D": {
        "mean": -0.2689697472358868,
        "std": 0.030146298329580178,
        "n": 3
      }
    },
    "anxious_new_driver": {
      "V": {
        "mean": -0.26292059854202154,
        "std": 0.2816148789756387,
        "n": 3
      },
      "A": {
        "mean": 0.18094673307466125,
        "std": 0.16734669441483913,
        "n": 3
      },
      "D": {
        "mean": -0.3373281256871679,
        "std": 0.28571307510504007,
        "n": 3
      }
    },
    "calm_commuter": {
      "V": {
        "mean": 0.27791070709907756,
        "std": 0.03383345677613778,
        "n": 3
      },
      "A": {
        "mean": -0.3426643177900999,
        "std": 0.06026681666153855,
        "n": 3
      },
      "D": {
        "mean": -0.25536306168372475,
        "std": 0.012177901384772497,
        "n": 3
      }
    }
  },
  "responses": {
    "cut_off": {
      "aggressive_late": {
        "V": {
          "delta_mean": -0.08310189266359513,
          "raw_mean": -0.21010289389282735,
          "std": 0.08876839189184497,
          "n": 9
        },
        "A": {
          "delta_mean": 0.21436921543656076,
          "raw_mean": 0.2294802286101224,
          "std": 0.12346605280293396,
          "n": 9
        },
        "D": {
          "delta_mean": -0.005227934253798194,
          "raw_mean": -0.274197681489685,
          "std": 0.0753449117395853,
          "n": 9
        }
      },
      "anxious_new_driver": {
        "V": {
          "delta_mean": 0.11925264057265114,
          "raw_mean": -0.1436679579693704,
          "std": 0.12175122510457981,
          "n": 9
        },
        "A": {
          "delta_mean": -0.09513195818941227,
          "raw_mean": 0.08581477488524898,
          "std": 0.15271319402462674,
          "n": 9
        },
        "D": {
          "delta_mean": -0.024536634679538427,
          "raw_mean": -0.36186476036670634,
          "std": 0.08500610166773703,
          "n": 9
        }
      },
      "calm_commuter": {
        "V": {
          "delta_mean": -0.03371142605972516,
          "raw_mean": 0.2441992810393524,
          "std": 0.09949950510464518,
          "n": 9
        },
        "A": {
          "delta_mean": 0.08485260344650275,
          "raw_mean": -0.2578117143435972,
          "std": 0.08906637928110359,
          "n": 9
        },
        "D": {
          "delta_mean": 0.024331726514693786,
          "raw_mean": -0.23103133516903096,
          "std": 0.04418145282083871,
          "n": 9
        }
      }
    },
    "near_miss": {
      "aggressive_late": {
        "V": {
          "delta_mean": -0.0767367891250724,
          "raw_mean": -0.20373779035430462,
          "std": 0.13281371677323217,
          "n": 6
        },
        "A": {
          "delta_mean": 0.17031130006532602,
          "raw_mean": 0.18542231323888766,
          "std": 0.17790231118674255,
          "n": 6
        },
        "D": {
          "delta_mean": 0.025115882397831413,
          "raw_mean": -0.24385386483805538,
          "std": 0.03612955597983149,
          "n": 6
        }
      },
      "anxious_new_driver": {
        "V": {
          "delta_mean": 0.10319993251465034,
          "raw_mean": -0.1597206660273712,
          "std": 0.14227961383327667,
          "n": 6
        },
        "A": {
          "delta_mean": -0.09380080391916995,
          "raw_mean": 0.0871459291554913,
          "std": 0.10843663312316677,
          "n": 6
        },
        "D": {
          "delta_mean": -0.03724724941045099,
          "raw_mean": -0.3745753750976189,
          "std": 0.05029156314607435,
          "n": 6
        }
      },
      "calm_commuter": {
        "V": {
          "delta_mean": -0.17797913777857055,
          "raw_mean": 0.09993156932050702,
          "std": 0.0698541849755564,
          "n": 6
        },
        "A": {
          "delta_mean": 0.18306898521156537,
          "raw_mean": -0.15959533257853456,
          "std": 0.09611895619089833,
          "n": 6
        },
        "D": {
          "delta_mean": -0.055074003795008375,
          "raw_mean": -0.3104370654787331,
          "std": 0.020528003413478917,
          "n": 6
        }
      }
    },
    "merge_opportunity": {
      "aggressive_late": {
        "V": {
          "delta_mean": 0.03892638172795761,
          "raw_mean": -0.08807461950127461,
          "std": 0.11700241216863097,
          "n": 6
        },
        "A": {
          "delta_mean": 0.10621133910496074,
          "raw_mean": 0.12132235227852238,
          "std": 0.13243599402836542,
          "n": 6
        },
        "D": {
          "delta_mean": 0.026175897451460595,
          "raw_mean": -0.2427938497844262,
          "std": 0.045574958598246,
          "n": 6
        }
      },
      "anxious_new_driver": {
        "V": {
          "delta_mean": 0.1372927802153939,
          "raw_mean": -0.12562781832662764,
          "std": 0.08941456907966112,
          "n": 6
        },
        "A": {
          "delta_mean": -0.04363601864447178,
          "raw_mean": 0.13731071443018947,
          "std": 0.11478511085754822,
          "n": 6
        },
        "D": {
          "delta_mean": 0.001490173591974786,
          "raw_mean": -0.3358379520951931,
          "std": 0.07259270261490756,
          "n": 6
        }
      },
      "calm_commuter": {
        "V": {
          "delta_mean": -0.05544836572830908,
          "raw_mean": 0.22246234137076848,
          "std": 0.07315307282679583,
          "n": 6
        },
        "A": {
          "delta_mean": 0.06870977743834028,
          "raw_mean": -0.27395454035175965,
          "std": 0.06344684285478264,
          "n": 6
        },
        "D": {
          "delta_mean": -0.005616984326786922,
          "raw_mean": -0.26098004601051167,
          "std": 0.06027930829747034,
          "n": 6
        }
      }
    },
    "traffic_congestion": {
      "aggressive_late": {
        "V": {
          "delta_mean": -0.14938673772999708,
          "raw_mean": -0.2763877389592293,
          "std": 0.05081714698122206,
          "n": 6
        },
        "A": {
          "delta_mean": 0.2271920356870675,
          "raw_mean": 0.24230304886062914,
          "std": 0.04679605498319195,
          "n": 6
        },
        "D": {
          "delta_mean": -0.07061348123151129,
          "raw_mean": -0.3395832284673981,
          "std": 0.06147114473516675,
          "n": 6
        }
      },
      "anxious_new_driver": {
        "V": {
          "delta_mean": 0.2455050324737938,
          "raw_mean": -0.01741556606822774,
          "std": 0.15000597810011645,
          "n": 6
        },
        "A": {
          "delta_mean": -0.2099270598118722,
          "raw_mean": -0.028980326737210946,
          "std": 0.14557128949381673,
          "n": 6
        },
        "D": {
          "delta_mean": 0.02412178580369051,
          "raw_mean": -0.3132063398834774,
          "std": 0.10786511226946821,
          "n": 6
        }
      },
      "calm_commuter": {
        "V": {
          "delta_mean": -0.08241795735750643,
          "raw_mean": 0.19549274974157113,
          "std": 0.062372647639939584,
          "n": 6
        },
        "A": {
          "delta_mean": 0.060092001456309885,
          "raw_mean": -0.28257231633379004,
          "std": 0.05430925856715604,
          "n": 6
        },
        "D": {
          "delta_mean": 0.009874287251642716,
          "raw_mean": -0.24548877443208203,
          "std": 0.045851441294669865,
          "n": 6
        }
      }
    },