{
  "model_id": "mlx-community/Qwen3.5-9B-MLX-4bit",
  "calibration_date": "2026-05-07",
  "n_samples_per_delay": 2,
  "delays_s": [
    0.0,
    5.0,
    15.0,
    30.0,
    60.0
  ],
  "personas": [
    "aggressive_late",
    "anxious_new_driver",
    "calm_commuter"
  ],
  "baselines": {
    "aggressive_late": {
      "V": -0.16461134502795688,
      "A": 0.17074976995371294,
      "D": -0.27263559291497774
    },
    "anxious_new_driver": {
      "V": -0.1925596087123396,
      "A": 0.0931045361764845,
      "D": -0.36729719019806295
    },
    "calm_commuter": {
      "V": 0.308616986978206,
      "A": -0.3889896654629852,
      "D": -0.20648320407584894
    }
  },
  "raw_curves": {
    "cut_off": {
      "aggressive_late": {
        "0.0": {
          "V": -0.2805990962953919,
          "A": 0.20502068710731902,
          "D": -0.2597302981089841
        },
        "5.0": {
          "V": -0.28789320289452314,
          "A": 0.19359449029394749,
          "D": -0.22066884891722885
        },
        "15.0": {
          "V": -0.20990531177746047,
          "A": 0.09205445955937364,
          "D": -0.26211733331450715
        },
        "30.0": {
          "V": -0.29409285466850066,
          "A": 0.21062684688908698,
          "D": -0.25810501364151095
        },
        "60.0": {
          "V": -0.23780418867391534,
          "A": 0.18317632999165107,
          "D": -0.23025188774728533
        }
      },
      "anxious_new_driver": {
        "0.0": {
          "V": -0.012754130958410041,
          "A": -0.037328397410809545,
          "D": -0.29151649253496653
        },
        "5.0": {
          "V": -0.157066106977458,
          "A": 0.0867844591792124,
          "D": -0.3909953787473355
        },
        "15.0": {
          "V": -0.13829664951579482,
          "A": 0.1564536147241321,
          "D": -0.2874724265624428
        },
        "30.0": {
          "V": -0.13577056785242309,
          "A": 0.11579120935625542,
          "D": -0.34463531776510087
        },
        "60.0": {
          "V": -0.16674661980617766,
          "A": 0.12396764900980183,
          "D": -0.45959337872588096
        }
      },
      "calm_commuter": {
        "0.0": {
          "V": 0.22868622108504433,
          "A": -0.2880499604973483,
          "D": -0.1939746348671281
        },
        "5.0": {
          "V": 0.15171353217543895,
          "A": -0.2912863998292199,
          "D": -0.19152341941707285
        },
        "15.0": {
          "V": 0.2903583166833908,
          "A": -0.28758789400909757,
          "D": -0.1725189040618118
        },
        "30.0": {
          "V": 0.3107309033332941,
          "A": -0.32407993669828017,
          "D": -0.22232527226405807
        },
        "60.0": {
          "V": 0.19472456950724293,
          "A": -0.2923832624755027,
          "D": -0.21767208992789167
        }
      }
    },
    "near_miss": {
      "aggressive_late": {
        "0.0": {
          "V": -0.3109240900176675,
          "A": 0.19642074539870874,
          "D": -0.33447809496163994
        },
        "5.0": {
          "V": -0.12203594423133098,
          "A": 0.0789829078533026,
          "D": -0.2658028494744967
        },
        "15.0": {
          "V": -0.3245832989066196,
          "A": 0.2037646624046368,
          "D": -0.3324699180317423
        },
        "30.0": {
          "V": -0.2587610948045616,
          "A": 0.252221384459496,
          "D": -0.2415566533229826
        },
        "60.0": {
          "V": -0.21557831911805997,
          "A": 0.05342391243424552,
          "D": -0.3568441079280664
        }
      },
      "anxious_new_driver": {
        "0.0": {
          "V": -0.16665742689631555,
          "A": 0.14953722680175713,
          "D": -0.39640243828083865
        },
        "5.0": {
          "V": -0.1285425987540212,
          "A": 0.09900760858599028,
          "D": -0.3769941031191324
        },
        "15.0": {
          "V": -0.1357014297208195,
          "A": 0.04192631963469429,
          "D": -0.46277687930529104
        },
        "30.0": {
          "V": -0.07040316723668913,
          "A": 0.05229249410628237,
          "D": -0.33379331467399687
        },
        "60.0": {
          "V": -0.1445344834747728,
          "A": 0.09743350041744628,
          "D": -0.34660197236893775
        }
      },
      "calm_commuter": {
        "0.0": {
          "V": 0.268091612699515,
          "A": -0.28725392479923345,
          "D": -0.1988436748489449
        },
        "5.0": {
          "V": 0.13572704746642913,
          "A": -0.19015537750254538,
          "D": -0.271614714439629
        },
        "15.0": {
          "V": 0.1018678191082152,
          "A": -0.18983133878653508,
          "D": -0.2632570025460303
        },
        "30.0": {
          "V": 0.14573335351135847,
          "A": -0.2236427390909565,
          "D": -0.2756723957925999
        },
        "60.0": {
          "V": 0.18588008076484575,
          "A": -0.2396504636748627,
          "D": -0.2635321982659782
        }
      }
    },
    "courtesy_let_merge": {
      "aggressive_late": {
        "0.0": {
          "V": -0.21298745417126352,
          "A": 0.20216122881758644,
          "D": -0.29331279443260216
        },
        "5.0": {
          "V": -0.23479843874590803,
          "A": 0.1953422998585118,
          "D": -0.23973020963193273
        },
        "15.0": {
          "V": -0.3882760159641654,
          "A": 0.30320798816236394,
          "D": -0.281572508593964
        },
        "30.0": {
          "V": -0.25537789473220485,
          "A": 0.1901692070860105,
          "D": -0.3130274412720965
        },
        "60.0": {
          "V": -0.25895338242350463,
          "A": 0.19630994423814468,
          "D": -0.3217748533183433
        }
      },
      "anxious_new_driver": {
        "0.0": {
          "V": -0.29203645602432726,
          "A": 0.16795510052096713,
          "D": -0.35894323743307266
        },
        "5.0": {
          "V": -0.4059441351309727,
          "A": 0.30535879909989516,
          "D": -0.4684667330412643
        },
        "15.0": {
          "V": -0.2690637271962168,
          "A": 0.1514710899563838,
          "D": -0.41246669618346676
        },
        "30.0": {
          "V": -0.3264051538566176,
          "A": 0.21032513046110146,
          "D": -0.41886230339413555
        },
        "60.0": {
          "V": -0.047481657042321074,
          "A": -0.0016942153593912726,
          "D": -0.30491233070282964
        }
      },
      "calm_commuter": {
        "0.0": {
          "V": 0.2576187254111224,
          "A": -0.2692239861270391,
          "D": -0.22244366189370413
        },
        "5.0": {
          "V": 0.26354642113069887,
          "A": -0.26865212371226477,
          "D": -0.13929430428752457
        },
        "15.0": {
          "V": 0.18930156416706398,
          "A": -0.2419793594380632,
          "D": -0.26517892581157987
        },
        "30.0": {
          "V": 0.3057286493762599,
          "A": -0.2903579047462156,
          "D": -0.21536257528915723
        },
        "60.0": {
          "V": 0.10074433289839545,
          "A": -0.15820085160990974,
          "D": -0.32069359957010235
        }
      }
    },
    "passenger_negative": {
      "aggressive_late": {
        "0.0": {
          "V": -0.05199707268791164,
          "A": -0.07242746596704001,
          "D": -0.26398516180252235
        },
        "5.0": {
          "V": -0.316531774635584,
          "A": 0.2575026282300911,
          "D": -0.2613437951869034
        },
        "15.0": {
          "V": -0.26375917372650304,
          "A": 0.20428152937890914,
          "D": -0.27904156065083535
        },
        "30.0": {
          "V": -0.40995142709105314,
          "A": 0.3031781844961475,
          "D": -0.24746884003284927
        },
        "60.0": {
          "V": -0.23341116392920722,
          "A": 0.11289964450050469,
          "D": -0.3618043812735616
        }
      },